﻿{"cameraMode":{"drawMode":0,"name":"Shaded","section":"Shading Mode"},"sceneLighting":false,"audioPlay":false,"sceneViewState":{"showFog":true,"showMaterialUpdate":true,"showSkybox":false,"showFlares":true,"showImageEffects":true,"showParticleSystems":true},"in2DMode":false,"pivot":{"x":-1.8400003910064698,"y":0.721359372138977,"z":-0.037569135427474979},"rotation":{"x":-0.5427221059799194,"y":0.23460586369037629,"z":-0.16112631559371949,"w":-0.7902222275733948},"size":7.369711399078369,"orthographic":false}