﻿{"cameraMode":{"drawMode":0,"name":"Shaded","section":"Shading Mode"},"sceneLighting":true,"audioPlay":false,"sceneViewState":{"showFog":true,"showMaterialUpdate":true,"showSkybox":true,"showFlares":true,"showImageEffects":true,"showParticleSystems":true},"in2DMode":false,"pivot":{"x":-0.0687856674194336,"y":-0.09153366088867188,"z":1.671311855316162},"rotation":{"x":-0.5427221059799194,"y":0.23460586369037629,"z":-0.16112631559371949,"w":-0.79022216796875},"size":46.803226470947269,"orthographic":false}